{"LINK": [{"timestamp": 1781247437.9509637, "value": 10.0}, {"timestamp": 1781247437.950992, "value": 10.5}], "CAKE": [{"timestamp": 1781247437.9509637, "value": 10.0}, {"timestamp": 1781247437.9510026, "value": 10.5}], "AAVE": [{"timestamp": 1781247437.950964, "value": 10.0}, {"timestamp": 1781247437.9509778, "value": 10.5}]}