{"LINK": [{"timestamp": 1781243837.9509647, "value": 500000.0}, {"timestamp": 1781247437.9509897, "value": 12000000.0}], "CAKE": [{"timestamp": 1781243837.950965, "value": 500000.0}, {"timestamp": 1781247437.9510002, "value": 8000000.0}], "AAVE": [{"timestamp": 1781243837.9509652, "value": 500000.0}, {"timestamp": 1781247437.9509735, "value": 7000000.0}]}