{"LINK": [{"timestamp": 1780687027.825359, "value": 10.0}, {"timestamp": 1780687027.8253791, "value": 10.5}], "CAKE": [{"timestamp": 1780687027.825359, "value": 10.0}, {"timestamp": 1780687027.825387, "value": 10.5}], "AAVE": [{"timestamp": 1780687027.825359, "value": 10.0}, {"timestamp": 1780687027.8253682, "value": 10.5}]}