{"LINK": [{"timestamp": 1780683427.8253598, "value": 500000.0}, {"timestamp": 1780687027.825378, "value": 12000000.0}], "CAKE": [{"timestamp": 1780683427.8253598, "value": 500000.0}, {"timestamp": 1780687027.825386, "value": 8000000.0}], "AAVE": [{"timestamp": 1780683427.8253598, "value": 500000.0}, {"timestamp": 1780687027.825366, "value": 7000000.0}]}