{
  "version": "regime_v2",
  "trained_at": "2026-06-08T16:49:25.803605+00:00",
  "metrics": {
    "mean_auc": 0.5563707466059604,
    "worst_auc": 0.47884485017571354,
    "std_auc": 0.0503717609355345,
    "positive_rate": 0.25329415954415957,
    "fold_aucs": [
      0.6049096687907427,
      0.5871370862369338,
      0.5144193470124022,
      0.47884485017571354,
      0.5965427808140097
    ]
  },
  "feature_count": 41
}