{
  "best_model": "lgb",
  "metrics": {
    "mean_auc": 0.5563707466059604,
    "worst_auc": 0.47884485017571354,
    "std_auc": 0.0503717609355345,
    "positive_rate": 0.25329415954415957,
    "fold_aucs": [
      0.6049096687907427,
      0.5871370862369338,
      0.5144193470124022,
      0.47884485017571354,
      0.5965427808140097
    ]
  },
  "results": {
    "lgb": {
      "mean_auc": 0.5563707466059604,
      "std_auc": 0.0503717609355345,
      "worst_auc": 0.47884485017571354,
      "fold_aucs": [
        0.6049096687907427,
        0.5871370862369338,
        0.5144193470124022,
        0.47884485017571354,
        0.5965427808140097
      ]
    }
  },
  "ranking_active": false
}